First Name,Last Name,Email,Company,Job Title,Industry,Company Size,Location,Website,Company Type,Source,ICP Score,Notes
Alex,Rivera,,Stackboard Inc,CEO & Co-founder,Developer Tools,1-10,"San Francisco, CA",https://stackboard.io,Product,YC-Curated,81,Building internal dev tooling platform for SMBs. Seed stage.
Morgan,Chen,,Nexlayer Systems,CTO,Cloud Infrastructure,1-20,"Seattle, WA",https://nexlayer.io,Product,YC-Curated,79,Early-stage infrastructure startup. Building core backend. Small eng team.
,,jobs@drswarm.com,DrSwarm,Hiring Manager,Tech (Product),1-50,REMOTE,,Product,HackerNews-Hiring,78,DrSwarm | Founding Engineer (Full-Stack) | REMOTE (US or LATAM; must overlap with US Pacific hours) | Full-time or Contract to Full-time DrSwarm is building AI-driven workflow automation for healthcar
,,info@readifinancial.com,Servicing,Hiring Manager,Tech (Product),1-50,REMOTE,,Product,HackerNews-Hiring,78,Servicing Copilot | Senior Full-Stack Contractor | REMOTE (EST overlap required) | $5k paid bake-off → ~6 month contract | CAD $130-180&#x2F;hr I&#x27;m building an AI-native operations tool for priva
,,hiring@laminr.co,Laminar,Hiring Manager,Tech (Product),1-50,REMOTE,,Product,HackerNews-Hiring,78,"Laminar Engineering | Full-Stack CV&#x2F;ML Systems Engineer | Contract | REMOTE Laminar Engineering builds real-time computer vision systems for airborne detection and tracking of drones, combining m"
,,jobs@zulip.com,Zulip,Hiring Manager,Tech (Product),1-50,REMOTE,,Product,HackerNews-Hiring,76,"Zulip | Senior Backend&#x2F;Infrastructure Engineer | REMOTE | Full-time | https:&#x2F;&#x2F;zulip.com&#x2F; Zulip is building the world’s best collaboration platform, and we’re committed to keeping i"
,,jeff@deepcoretech.com,Deep,Hiring Manager,Tech (Product),1-50,REMOTE,,Product,HackerNews-Hiring,76,"Deep Core Technology | Founding Engineer | REMOTE (MUST LIVE IN CANADA) | Full Time | Salary: $105,000 - $125,000 CAD + equity Company: We’re building a geologic modelling software, based on reasoning"
,,dcascaval@branch3d.com,Branch3D,Hiring Manager,Tech (Product),1-50,REMOTE,,Product,HackerNews-Hiring,76,"Branch3D | Senior Developer (Full-stack), 3D Design engineer, Growth lead | Vancouver (REMOTE, North America &#x2F; South America) | Full-time Branch is taking on real-time structural design and analy"
,,steve@pango.ai,Pango,Hiring Manager,Tech (Product),1-50,US (Remote),,Product,HackerNews-Hiring,76,"Pango | Senior Software Engineer - Full Stack, Technical Lead &#x2F; Software Engineer | On-site (hybrid) in Stockholm, Sweden (Visa Sponsorship possible) | Full time Pango is building the world&#x27;"
,,mercedes@kinxshn.com,Forward,Hiring Manager,Tech (Product),1-50,REMOTE,,Product,HackerNews-Hiring,76,"Forward Deployed Engineer - backend - python | REMOTE (UTC -3 to +3) | Full time Small stealth team in the property management space, building AI agents that run real operations, where agents and huma"
Jamie,Okafor,,Flowmatic AI,Founder,Workflow Automation,1-15,"New York, NY",https://flowmatic.ai,Product,YC-Curated,75,No-code workflow automation for operations teams. Series A pipeline.
,,hiring@hotwash.com,Hotwash,Hiring Manager,Tech (Product),1-50,REMOTE,,Product,HackerNews-Hiring,74,"Hotwash | Founding Engineer (→ CTO for the right person) | REMOTE (US), Boston a plus | Full-time I&#x27;m a solo founder. I built the entire product myself, got 11 fire departments paying with zero c"
,,recruiting@co-ver.com,CO-Ver,Hiring Manager,Tech (Product),1-50,Remote,,Product,HackerNews-Hiring,74,"CO-Ver | Fullstack &amp; Senior Fullstack SWE | Remote US | $125k-$175k DOE + Equity | 1099 Contract-to-Hire | Self-funded GCs routinely overbill 10-15% on change orders, and owners have no systematic"
Taylor,Brooks,,Sprout Digital Agency,Managing Director,Digital Agency,11-50,"Austin, TX",https://sproutdigital.co,Service,YC-Curated,74,US digital agency delivering web + mobile for clients. Actively outsourcing dev.
,,alexander@hatchet.run,Hatchet,Hiring Manager,Tech (Product),1-50,NYC,,Product,HackerNews-Hiring,66,"Hatchet | Full-Stack Engineer | NYC or SF or REMOTE (US and EU) | https:&#x2F;&#x2F;hatchet.run Hey HN! I&#x27;m Alexander, one of the founders of Hatchet. Hatchet is an open-source platform for runni"
,,,FusionAuth,Hiring Manager,Tech (Product),1-50,REMOTE,,Product,HackerNews-Hiring,65,"FusionAuth | Principal Software Engineer, Senior Java Engineer - Cloud, Account Executive, Solutions Engineer | Varies between REMOTE (in USA, also in Europe but only for the account exec&#x2F;solutio"
,,,Trace,Hiring Manager,Tech (Product),1-50,Remote,,Product,HackerNews-Hiring,65,"Trace Labs | Remote (USA) | Full Time | https:&#x2F;&#x2F;tracelabs.ai&#x2F; Want to join a lean, ambitious, and fast growing startup? Trace is building the data infrastructure for physical AI. Roboti"
,,,LiveKit,Hiring Manager,Tech (Product),1-50,Remote,,Product,HackerNews-Hiring,65,LiveKit| http:&#x2F;&#x2F;livekit.io&#x2F; | VoiceAI | webRTC | Remote | Full Time LiveKit is building the infrastructure layer for the voice-driven era of computing. Our platform gives developers eve
,,,Relevant,Hiring Manager,Tech (Product),1-50,Remote,,Product,HackerNews-Hiring,65,Relevant Healthcare | Software Engineers (multiple levels) | Remote (US&#x2F;Canada) | Full-time Relevant builds a data platform that helps safety-net healthcare providers deliver better care using da
,,,Adacore,Hiring Manager,Tech (Product),1-50,Remote,,Product,HackerNews-Hiring,63,"Adacore | Software Engineers | Full-time | Remote or On-Site Adacore is the maintainer of GNAT, GCC&#x27;s Ada frontend (but now with many more compiler backends: LLVM, Why3, JVM...) and of a lot of t"
,,,Runway,Hiring Manager,Tech (Product),1-50,Remote,,Product,HackerNews-Hiring,63,"Runway | Multiple Engineering &amp; Research roles | Remote (global) | Full-time Runway is building AI to simulate the world — merging art and science. We&#x27;re a team of researchers, engineers, art"
,,,PrairieLearn,Hiring Manager,Tech (Product),1-50,Remote,,Product,HackerNews-Hiring,63,PrairieLearn (Remote US) — Full-Stack Software Engineer — TypeScript &#x2F; Postgres &#x2F; React &#x2F; AI PrairieLearn ( https:&#x2F;&#x2F;www.prairielearn.com ) is an open-source assessment platfor
,,,Rerun,Hiring Manager,Tech (Product),1-50,Remote,,Product,HackerNews-Hiring,63,"Rerun | Remote | Stockholm, Sweden | Full-time https:&#x2F;&#x2F;rerun.io&#x2F; Rerun is the data layer for Physical AI; robotics, autonomous systems, AR&#x2F;VR, and other embodied ML. We give engine"
,,,Seeq,Hiring Manager,Tech (Product),1-50,REMOTE,,Product,HackerNews-Hiring,63,"Seeq | https:&#x2F;&#x2F;seeq.com | Staff Software Engineer (Frontend, Backend, Platform) | REMOTE (Some crossover w&#x2F; PST required) | Full-time | $170k + annual cash bonus + equity. Salary range "
,,,MindFort,Hiring Manager,Tech (Product),1-50,US (Remote),,Product,HackerNews-Hiring,63,"MindFort AI (YC X25) | Backend Software Engineer, AI Researcher | Los Angeles, CA | Full-Time I&#x27;m a founding engineer at MindFort ( https:&#x2F;&#x2F;www.mindfort.ai ). We build autonomous AI sec"
,,,Forecasting,Hiring Manager,Tech (Product),1-50,REMOTE,,Product,HackerNews-Hiring,63,"Forecasting Research Institute (FRI) | Data Engineer | REMOTE | Full-time We&#x27;re a ~20-person nonprofit doing forecasting research on high-stakes problems, including AI progress, biosecurity, and "
,,,IDEXX,Hiring Manager,Tech (Product),1-50,REMOTE,,Product,HackerNews-Hiring,63,IDEXX | Senior Application Security Analyst | REMOTE (US&#x2F;NL) | Full-time IDEXX | Cloud Security Architect | REMOTE (US&#x2F;NL) | Full-time IDEXX is a global leader in veterinary diagnostics and 
,,,PostHog,Hiring Manager,Tech (Product),1-50,REMOTE,,Product,HackerNews-Hiring,61,"PostHog | Full-Time | Product engineers, Technical CSMs, Forward deployed engineers | REMOTE (all remote) | Hiring GMT-8 to GMT+2 PostHog makes dev tools that help product engineers build successful p"
,,,Neurotone.ai,Hiring Manager,Tech (Product),1-50,Remote,,Product,HackerNews-Hiring,61,"Neurotone.ai || Remote (Americas East &#x2F; Western Europe) || Full-time || neurotone.com We build AI-assisted auditory training for people with hearing loss. Our product is live, in clinics, and gro"
,,,Subtle,Hiring Manager,Tech (Product),1-50,Remote,,Product,HackerNews-Hiring,61,"Subtle Medical | North America | Full Time | Remote | https:&#x2F;&#x2F;subtlemedical.com&#x2F; Subtle Medical is a global leader in AI-powered medical imaging, using deep learning to enable faster, s"
,,,SecureBio,Hiring Manager,Tech (Product),1-50,Boston,,Product,HackerNews-Hiring,61,"SecureBio Detection | Senior infrastructure engineer; [senior] software engineer (high-performance pipelines) Cambridge, MA, USA (metro Boston) | ONSITE strongly preferred; REMOTE (US east coast) poss"
,,,Odyssey,Hiring Manager,Tech (Product),1-50,Remote,,Product,HackerNews-Hiring,61,"Odyssey | Sr. Security Engineer | Full-time | Remote (US) or NYC Odyssey is building the leading financial technology platform for school choice. We help families access funding for tuition, tutors, c"
,,,Trax,Hiring Manager,Tech (Product),1-50,REMOTE,,Product,HackerNews-Hiring,59,"Trax | Analytics Engineer | REMOTE CST (Philippines, Costa Rica, US) | Full-time Contract We&#x27;re hiring an Analytics Engineer to help power our future. This is a really greenfield project where we"
,,,Twindo,Hiring Manager,Tech (Product),1-50,Remote,,Product,HackerNews-Hiring,59,"Twindo (Formerly Canvas; The Spatial Computing Company) | Full-time | Remote At Twindo, we’re working on spatial computing - using computer vision to 3D reconstruct and understand your surroundings so"
Casey,Walsh,,PivotLab Studios,CEO,Custom Software Dev,11-30,"Chicago, IL",https://pivotlab.co,Service,YC-Curated,56,Boutique software studio delivering MVPs for US startups. Looking for dev partners.
